[{
        "Judul": "Update v2.7",
        "Waktu": 1632034748967,
        "Perubahan": "add ytmp3/ytmp4, fixed cc-checker, add brainly, add wiki, add sk-key checker, add proxy checker, add iban-checker, add proxy-gen"
    },
    {
        "Judul": "Update v2.5",
        "Waktu": 1630985274683,
        "Perubahan": "add cc-checker, add shell-checker, add reverse-ip, add film, add get-bin"
    },
    {
        "Judul": "Update V2.4",
        "Waktu": 1629105881988,
        "Perubahan": "add suit button, add upload anonfiles, add esticker all type, add komiku, add komikuinfo"
    },
    {
        "Judul": "Update V2.3",
        "Waktu": 1628635088613,
        "Perubahan": " add chara, add fast,slow, reverse"
    },
    {
        "Judul": "Update V2.2",
        "Waktu": 1628385791126,
        "Perubahan": "add igstalk, igsearch, ytdl with button type"
    },
    {
        "Judul": "update v2.2",
        "Waktu": 1627662700222,
        "Perubahan": "fix tebakgambar, del family100"
    },
    {
        "Judul": "Update v2.2",
        "Waktu": 1627332550383,
        "Perubahan": "add trigger demote/promote grup, add grup close/open with button options"
    },
    {
        "Judul": "Update v2.1",
        "Waktu": 1627325462011,
        "Perubahan": " add githubsearch, fix tictactoe, del igstalk, del ighighlight"
    },
    {
        "Judul": "Update v2.8",
        "Waktu": 1633730691470,
        "Perubahan": "fix payment otomatis premium/sewa, fixed bin-checker, add proxy, add proxy-check, add iban-check, add auto-correct for suggest cmd"
    }
]