{
    "wait": "_Tunggu permintaan anda sedang diproses_",
    "error": {
        "Iv": "_Link yang kamu berikan tidak valid_",
        "api": "_Maaf terjadi kesalahan_"
    },
    "OnlyGrup": "Perintah ini hanya bisa digunakan di grup",
    "OnlyPM": "Perintah ini hanya bisa digunakan di private message",
    "GrupAdmin": "Perintah ini hanya bisa digunakan oleh Admin Grup",
    "BotAdmin": "Bot Harus menjadi admin",
    "OnlyOwner": "Perintah ini hanya dapat digunakan oleh owner bot",
    "OnlyPrem": "Perintah ini khusus member premium"
}